symbol,binance,bitget,bybit,lbank,mexc,okx,bingx
1000X,7,,5,,,,
1INCH,4,4,4,4,4,4,
1R0R,,,,,5,,
2MOON,,,,,9,,
3ULL,,,,8,7,,
4EVER,,,,,6,,
5IRE,,,,,7,,
A,7,5,4,4,4,4,
A1X,,,,,6,,
A2Z,7,6,6,6,6,,
A47,,,,,6,,
A8,,,5,,5,,
AAPLON,,,,,2,,
AAPLX,,,,2,2,,
AAST,,,,,6,,
AAVE,3,2,2,2,2,2,
AB,,,,6,6,,
ABBC,,,,,6,,
ABEL,,,,,5,,
ABEY,,,,,4,,
ABNBON,,,,,2,,
ABOND,,,,,7,,
ABTON,,,,,2,,
ABX,,,,,5,,
ACA,,,,4,5,5,
ACE,6,4,4,3,4,4,
ACH,7,6,6,,5,5,
ACM,,,,,4,5,
ACNON,,,,,2,,
ACT,7,5,5,4,5,5,
ACX,7,4,4,4,5,,
ADA,5,4,4,4,4,4,
ADBEON,,,,,2,,
ADX,,,,,4,,
AEGIS,,,,,6,,
AERGO,7,5,5,5,5,5,
AERO,7,4,4,4,4,,
AEROBUD,,,,6,,,
AEVO,7,5,4,4,5,5,
AFC,,,,,4,,
AGI,,5,5,,5,,
AGIALPHA,,,,,5,,
AGIX,7,,,4,,,
AGLD,7,4,4,3,4,4,
AGRS,,,,,3,,
AGT,7,,6,6,6,,
AI,6,5,4,4,4,,
AI16Z,7,4,5,4,4,,
AI3,,,,,5,,
AIA,7,5,4,4,4,,
AIBOT,,,,,6,,
AIC,,,,10,6,,
AICE,,,,5,5,,
AIDOGE,,,,13,14,13,
AIFUN,,,,,6,,
AIG,,,,6,,,
AIMONICA,,,,6,7,,
AIN,7,5,5,6,5,,
AINTI,,,,5,,,
AIO,7,5,5,,5,,
AION,,,,,10,,
AIOT,7,,,,5,,
AIOZ,,4,4,4,,,
AIPAD,,,,,5,,
AIPO,,,,5,6,,
AIRDROP,,,,8,,,
AIT,,,,,3,,
AITECH,,,,5,5,,
AITV,,,,,4,,
AIX,,,,,6,,
AIXBT,7,5,5,4,5,5,
AKE,7,7,6,6,7,,
AKITA,,,,,11,,
AKT,7,3,3,,,,
AL,,,,,4,,
ALCH,7,5,5,5,5,,
ALE,,,,,4,,
ALEO,,,4,,4,,
ALEPH,,,,,5,,
ALEX,,,,,5,,
ALGO,4,4,4,4,4,4,
ALI,,,,,5,,
ALICE,3,4,4,4,4,,
ALKIMI,,,,,5,,
ALL,6,,,6,,,
ALPACA,7,,,,,,
ALPH,,,,,4,,
ALPHA,5,5,5,,6,5,
ALPINE,6,4,3,3,4,,
ALT,7,5,5,5,,,
ALU,,5,6,6,5,,
ALVA,,,,,5,,
AMB,7,,,,8,,
AMDON,,,,,2,,
AME,,,,,7,,
AMI,,,,,5,,
AMP,,6,,6,6,,
AMZNON,,,,,2,,
AMZNX,,,,,2,,
ANI,,,,6,6,,
ANIME,7,5,5,5,5,5,
ANITA,,,,,6,,
ANKR,6,5,5,5,5,,
ANLOG,,,,,7,,
ANON,,,,,4,,
ANT,3,,,,,,
ANYONE,,,,,4,,
AO,,,,,3,,
AOL,,,,6,,,
AP3X,,,,4,4,,
APE,4,4,4,4,4,4,
APEPE,,,,11,9,,
APEX,,,4,,4,,
APFC,,,,4,4,,
API3,4,4,4,,4,4,
APP,,2,,,,,
APPON,,,,,2,,
APT,5,4,3,3,3,3,
APTM,,,,3,3,,
APU,,,,,7,,
APX,,,,6,,,
AR,3,3,3,2,3,3,
ARARA,,,,7,,,
ARB,6,4,4,4,4,4,
ARC,7,5,5,5,6,,
ARCH,,,,,5,,
AREA,,,,,5,,
ARG,,,,,4,4,
ARI,,,,,6,,
ARIA,7,5,5,,5,,
ARK,7,4,4,,4,,
ARKM,7,4,4,3,4,4,
ARMON,,,,,2,,
ARMY,,,,,5,,
ARPA,5,5,5,5,5,,
ARRR,,,,,4,,
ART,,,,4,6,,
ARTFI,,,,,6,,
ARTY,,,,,4,,
ARW,,,,,5,,
ASI,,,,,6,,
ASMLON,,,,,2,,
ASP,,4,4,4,5,4,
ASR,6,3,3,3,,,
ASRR,,,,,5,,
ASS,,,,,13,,
AST,,,,,6,,
ASTER,7,4,4,4,4,,
ASTR,7,5,5,5,5,5,
ASTRA,,,,,7,,
ASTROS,,,,,5,,
ATA,4,5,,,,,
ATH,7,5,5,5,5,5,
ATLA,,,,,4,,
ATLAS,,,,,6,,
ATN,,,,,8,,
ATOM,3,3,3,3,3,3,
ATR,,,,,6,,
ATS,,,,,5,,
ATT,,,,,4,,
AUCTION,6,3,3,2,3,3,
AUDIO,4,5,5,4,,,
AUKI,,,,,6,,
AUR,,,,,4,,
AURORA,,,,,5,,
AUSD,,,,4,,,
AVA,7,4,4,4,4,,
AVAAI,7,5,5,5,6,,
AVAIL,,5,5,,5,,
AVAX,4,3,3,2,2,3,
AVGOON,,,,,2,,
AVL,,4,4,4,4,,
AVNT,7,5,4,4,4,4,
AVO,,,,6,,,
AVT,,,,,4,,
AWE,7,6,5,,5,,
AXL,7,4,4,,,,
AXOL,,,,,6,,
AXR,,,,5,,,
AXS,5,3,3,3,3,3,
AZERO,,,,,5,,
AZUR,,,,,6,,
B,7,4,5,5,5,,
B2,7,4,4,5,5,,
B3,7,6,6,6,6,,
B3TR,,,,4,5,,
BAAS,,,,7,,,
BABAON,,,,,2,,
BABY,7,5,5,5,5,5,
BABYBONK,,,,,9,,
BABYDOGE,,,,,13,12,
BABYSHARK,,,,6,7,,
BAC,,,,,4,,
BAD,,,,,11,,
BADGER,6,4,4,4,4,4,
BAKE,4,,,4,5,,
BAL,3,,,4,4,4,
BAN,7,5,5,5,5,,
BANANA,7,3,3,2,2,2,
BANANAS31,7,6,6,6,7,,
BAND,4,4,4,,,4,
BANK,7,5,5,5,5,,
BAR,,,,,4,,
BARD,7,4,5,4,4,4,
BAS,7,6,,,6,,
BASEDAI,,,,,4,,
BAT,4,4,4,,4,4,
BAX,,,,,9,,
BB,7,5,4,4,5,,
BBSNEK,,,,,8,,
BBT,,,,,5,,
BC,,,,7,,,
BCAT,,,,,8,,
BCB,,,,,,3,
BCCOIN,,,,,5,,
BCH,2,2,1,1,1,1,
BCUT,,,,,5,,
BDCA,,,,,4,,
BDOGITO,,,,5,,,
BDP,,,,,5,,
BDTC,,,,3,,,
BDX,,,,,5,,
BDXN,7,,5,,5,,
BEAM,,6,6,,5,,
BEL,5,4,4,,4,,
BELLS,,,,,3,,
BENJI,,,,5,,,
BERA,6,3,3,3,3,3,
BERT,,,,,6,,
BETH,,,,,,1,
BFT,,,,,6,,
BGB,,3,,,5,,
BGSC,,6,,6,6,,
BHC,,,,,,4,
BICITY,,,,8,7,,
BICO,7,5,5,4,5,5,
BID,7,5,,5,5,,
BIGTIME,7,5,5,5,5,5,
BIO,7,5,5,,5,5,
BIOFI,,,,,7,,
BIRDEI,,,,6,,,
BIST,,,,,5,,
BITCOIN,,,,5,,,
BKN,,,,,5,,
BLACK,,,,4,,,
BLAST,,6,6,6,6,,
BLEND,,,,,7,,
BLENDR,,,,,5,,
BLOCK,,,,5,5,,
BLOCX,,,,,5,,
BLOK,,,,,7,,
BLU,,,,,5,,
BLUB,,,,10,12,,
BLUE,,4,,5,5,,
BLUM,,,,,5,,
BLUR,7,5,5,4,5,5,
BLZ,5,,,,5,,
BMT,7,5,5,4,5,,
BNB,3,2,1,2,2,1,
BNBTIGER,,,,,15,,
BNC,,,,5,5,,
BNKR,,,,7,,,
BNT,7,4,4,4,4,2,
BNX,6,,,,,,
BOATKID,,,,6,,,
BOB,,,,,9,,
BOBA,,,5,,5,,
BOBO,,,,10,12,,
BOMB,,,,7,7,,
BOME,7,6,6,6,7,6,
BOMO,,,,6,6,,
BOND,6,,,,4,,
BONE,,,,4,4,,
BONK,,,,8,8,9,
BOOE,,,,,5,,
BOOM,,,,,6,,
BOOP,,,,5,5,,
BOOST,,,,,5,,
BOSON,,,,,5,,
BOSS,,,,6,7,,
BOT,,,,5,5,1,
BOTIFY,,,,,6,,
BOTTO,,,,,4,,
BR,7,5,5,5,,,
BRETT,7,5,5,5,,,
BRG,,,,8,,,
BRIC,,,,6,6,,
BRISE,,,,,11,,
BRN,,,,,5,,
BROAK,,,,6,,,
BROCCOLI,,5,5,5,5,,
BROCK,,,,,5,,
BRP,,,,7,,,
BSC,,,,5,,,
BST,,,,,4,,
BSU,,,5,5,5,,
BSV,5,2,2,,2,,
BSW,7,,,4,6,,
BSX,,,,,5,,
BTC,2,1,1,2,2,1,
BTC2,,,,,5,,
BTCBAM,,,,,5,,
BTCMT,,,,,4,,
BTCP,,,,,,2,
BTCS,,,,3,,,
BTG,,,,,3,,
BTR,7,5,5,,5,,
BTS,5,,,,7,,
BTT,6,,,,10,,
BTY,,,,5,5,,
BUBB,,,,,6,,
BUCK,,,,6,,,
BUIDL,,,,7,,,
BULLA,7,,,5,5,,
BULLY,,,,6,,,
BUM,,,,6,6,,
BUNKER,,,,6,,,
BUTTCOIN,,,,6,,,
BUZZ,,,,6,,,
BVT,,,,,4,,
BXBT,,,,,5,,
BXN,,,,7,6,,
BXX,,,,,6,,
BZR,,,,,3,,
BZZ,,,,,4,,
C,7,5,5,,5,,
C98,4,5,5,4,5,,
CAKE,7,4,3,3,3,,
CAMP,,5,5,5,5,,
CANDLE,,,,7,,,
CAP,,,,4,5,,
CAPTAINBNB,,,,6,6,,
CARDS,,,,4,4,,
CARR,,,,,6,,
CARV,7,4,4,,4,,
CAT,,,,,9,9,
CATBOY,,,,,5,,
CATCH,,,,,4,,
CATI,7,5,5,,5,5,
CAU,,,,,4,,
CAW,,,,12,12,,
CBK,,,,4,4,,
CBL,,,,,7,,
CCASH,,,,6,,,
CCD,,,,,6,,
CCDOG,,,,,6,,
CCV2,,,,4,,,
CDL,,,,5,,,
CDN,,,,,,4,
CEEK,,,,,6,,
CEL,,,,,5,,
CELB,,,,,7,,
CELL,,,,,4,,
CELO,3,4,4,4,4,4,
CELR,5,6,6,5,6,5,
CERE,,,,,7,,
CES,,,,,3,,
CESS,,,,,6,,
CETUS,7,5,5,4,5,5,
CFG,,,,,4,4,
CFT,,,,,,5,
CFX,7,5,5,4,5,5,
CGO,,,,4,,,
CGPT,7,5,5,4,6,,
CHAT,,,,4,4,,
CHEEL,,,,4,,,
CHEEMS,,,,,10,,
CHEQ,,,,,5,,
CHESS,7,5,5,5,5,,
CHEX,,,,,5,,
CHILLGUY,7,5,6,5,5,,
CHILLHOUSE,,,,6,,,
CHIRP,,,,,5,,
CHMPZ,,,,,8,,
CHO,,,,,5,,
CHR,4,5,5,,5,,
CHRP,,,,,7,,
CHZ,5,5,5,5,5,5,
CIK,,,,9,,,
CIRX,,,,8,,,
CITY,,,,,4,4,
CKB,7,6,6,6,6,,
CLANKER,,,2,2,2,,
CLASH,,,,5,6,,
CLEAR,,,,,5,,
CLORE,,,,,6,,
CLOUD,,,5,,5,,
CLS,,,,,5,,
CLUB,,,,,6,,
CLV,,,,,5,5,
CLY,,,,,5,,
CNDY,,,,,6,,
CNG,,,,,6,,
COA,,,,,5,,
COAI,7,4,4,,4,,
COCA,,,,,5,,
COCO,,,,8,,,
COCORO,,,,6,,,
CODEC,,,,5,,,
COG,,,,,4,,
COIN,,2,,,,,
COINON,,,,,2,,
COINX,,,,,2,,
COLLAT,,,,6,6,,
COLS,,,,,5,,
COMBO,6,,,,,,
COMP,2,2,2,2,2,2,
COOK,,,6,,6,,
COOKIE,7,4,4,4,5,,
COOL,,,,,,6,
COPE,,,,,7,,
COPI,,,,,5,,
COQ,,,,,10,,
CORAL,,,,,6,,
CORE,,5,4,4,4,4,
COREUM,,,,,5,,
CORN,,,,,5,,
COS,7,6,6,,6,,
COTI,5,5,5,,5,,
COW,7,4,4,4,4,,
CPC,,,,6,,,
CPH,,,,,6,,
CPOOL,,,5,,5,,
CRCL,,2,,,,,
CRCLON,,,,2,2,,
CRCLX,,,,2,2,,
CREO,,,,,7,,
CRETA,,,,6,6,,
CRO,,5,5,5,5,5,
CROSS,7,5,5,4,5,,
CRP,,,,4,,,
CRU,,,,,4,,
CRV,3,4,4,4,4,4,
CSCOON,,,,,2,,
CSIX,,,,,6,,
CSPR,,,,,6,6,
CSWAP,,,,,5,,
CTA,,,,,5,,
CTC,,4,4,4,4,4,
CTF,,,,3,4,,
CTK,7,4,4,4,4,,
CTP,,,,6,6,,
CTSI,4,5,5,,,,
CTXC,,,,,5,,
CTY,,,,4,,,
CUDIS,7,5,5,,5,,
CULT,,,,6,7,,
CVC,7,5,5,4,,5,
CVX,6,3,3,3,3,3,
CWEB,,,,,6,,
CXT,,,,,5,4,
CYBER,6,4,3,3,4,,
CYBRO,,,,,6,,
CYC,,,,,5,,
D,7,,,,5,,
DADDY,,,,,5,,
DAG,,,,6,5,,
DAGS,,,,7,,,
DAI,,,,4,4,4,
DAM,7,5,5,,5,,
DAO,,,,,5,4,
DARK,,,,6,,,
DASH,2,,2,,2,,
DBR,,5,5,5,5,,
DC,,,,,8,,
DCB,,,,,6,,
DCD,,,,7,6,,
DCK,,,,,6,,
DCR,,,,,3,,
DEAI,,,,,5,,
DEEP,7,5,5,5,6,,
DEFI,1,,,,6,,
DEGEN,7,6,6,6,6,6,
DEGENAI,,,,6,,,
DEGO,7,3,,3,4,,
DELABS,,,,,6,,
DENT,6,7,7,,,,
DEOD,,,,,6,,
DEP,,,,,7,7,
DEVVE,,,,,4,,
DEXE,6,3,3,3,3,,
DEXTF,,,,,5,,
DF,7,5,,5,5,,
DFYN,,,,,6,,
DGB,5,,6,5,,6,
DIA,7,4,4,,,,
DIAM,,,,,6,,
DINGO,,,,,8,,
DINO,,,,7,,,
DIONE,,,,,6,,
DKA,,,,,5,,
DKT,,,,,6,,
DLB,,,,,7,,
DMAIL,,,,,5,,
DMC,7,6,7,6,6,,
DMCC,,,,,5,,
DMCK,,,,6,,,
DMT,,,,,3,,
DMTR,,,,,5,,
DNX,,,,,5,,
DOBO,,,,,5,,
DODO,3,,5,4,5,,
DOG,,6,6,,6,,
DOGE,6,5,5,5,5,5,
DOGINME,,,,,7,,
DOGS,7,7,6,7,7,7,
DOLO,7,5,5,5,5,,
DON,,,,,6,,
DONKEY,,,,6,6,,
DOOD,7,6,6,6,6,,
DORA,,,,4,,5,
DORKY,,,,,5,,
DOT,3,3,4,3,3,3,
DOVU,,,,,7,,
DRB,,,,8,,,
DREAMS,,,,6,7,,
DRIFT,7,4,4,4,4,,
DST,,,,,5,,
DSYNC,,,,5,5,,
DTEC,,,,,5,,
DUCK,,6,6,6,6,6,
DUEL,,,,,6,,
DUKO,,,,,7,,
DUPE,,,,6,6,,
DUSK,5,,5,,5,,
DUST,,,,6,6,,
DYDX,3,4,4,4,4,4,
DYM,6,4,4,3,4,,
DYNA,,,,,6,,
DYP,,,,,5,,
EAI,,,,,6,,
EBSO,,,,4,,,
ECHO,,,,5,5,,
EDEN,7,4,4,,4,,
EDGE,,,,,5,,
EDGEN,,,,,6,,
EDU,7,,4,,4,,
EDUM,,,,4,,,
EDWIN,,,,,6,,
EDX,,,,,6,,
EFFECT,,,,,6,,
EGL1,,,,5,,,
EGLD,3,2,2,2,3,2,
EIGEN,7,4,4,3,4,4,
EL,,,,,6,,
ELA,,,,,3,,
ELCASH,,,,5,,,
ELDE,,,,5,6,,
ELF,,,,,4,3,
ELIZA,,,,6,,,
ELK,,,,,5,,
ELON,,,,10,11,11,
ELP,,,,,6,,
ELX,,4,4,5,5,,
EMR,,,,,6,,
EMYC,,,,,5,,
ENA,7,4,4,4,4,4,
ENF,,,,,5,,
ENJ,5,5,5,,5,5,
ENS,3,3,3,2,2,3,
EOS,3,,,,,,
EOSC,,,,8,,,
EPIC,6,4,4,3,4,,
EPT,7,6,6,6,6,,
ERA,7,4,4,4,4,,
ERG,,,,,4,,
ES,,4,4,4,5,,
ESE,,,,,6,,
ESPORTS,7,5,5,5,5,,
ESX,,,,,6,,
ETC,3,3,3,2,2,2,
ETH,2,2,2,2,2,2,
ETHFI,7,4,4,3,4,4,
ETHW,6,4,3,,3,3,
ETN,,,,,6,,
EUL,,,,,3,,
EURI,,,,,4,,
EURR,,,,,3,,
EVDC,,,,8,8,,
EVR,,,,,5,,
EWT,,,,,3,,
EXO,,,,3,3,,
EYWA,,,,,6,,
F,7,6,5,,6,,
F3,,,,,5,,
FACT,,,,,2,,
FAFO,,,,7,,,
FAI,,,,,6,,
FAKEAI,,,,,6,,
FAKT,,,,,7,,
FAN,,,,4,,,
FAR,,,,,6,,
FARM,,,,,2,,
FARTBOY,,,,,5,,
FARTCOIN,7,4,4,5,5,,
FARTLESS,,,,6,7,,
FAT,,,,6,,,
FB,,,,,4,,
FCO,,,,4,,,
FDC,,,,6,,,
FDUSD,,,,,4,,
FEG,,,,8,8,,
FEI,,,,4,,,
FET,7,4,,3,4,4,
FHE,7,5,5,5,5,,
FIDA,7,5,5,4,5,,
FIGHT,,,,7,,,
FIGON,,,,,2,,
FIL,3,3,3,3,3,3,
FINC,,,,,5,,
FIO,7,5,5,,5,,
FIR,,,,,5,,
FIRO,,,,,4,,
FIS,7,5,5,4,5,,
FITCOIN,,,,6,,,
FITFI,,,,,6,,
FLDT,,,,,5,,
FLM,4,5,5,4,5,5,
FLOCK,7,4,5,7,5,,
FLOKI,,8,,8,8,8,
FLOW,3,4,4,3,4,4,
FLR,,,5,5,5,5,
FLT,,,,,5,,
FLUID,6,3,3,3,4,3,
FLUX,7,4,4,,4,,
FLY,,,,,5,,
FLZ,,,,5,,,
FNCT,,,,,7,,
FNXAI,,,,5,,,
FOREST,,,,,5,,
FORM,6,4,4,4,4,,
FORT,,,,,5,,
FORTH,6,4,4,,3,,
FOX,,,,,5,,
FOXY,,,,6,,4,
FRAG,,,5,,5,,
FRED,,,,6,6,,
FROC,,,,9,,,
FROGE,,,,12,,,
FROGGIE,,,,5,6,,
FRONT,7,,,,,,
FRTS,,,,9,,,
FST,,,,,5,,
FTN,,,,,5,,
FTRB,,,,6,,,
FTT,4,,,4,4,,
FUEL,,5,6,,5,,
FUN,7,6,,6,6,,
FUNCH,,,,6,,,
FURY,,,,,5,,
FUSD,,,,,4,,
FUSE,,,,,6,,
FUTUON,,,,,2,,
FWOG,,5,5,5,5,,
G,7,5,5,,6,6,
GAI,,,,,4,,
GAIA,,,,4,5,,
GAL,5,,,,,,
GALA,5,5,5,5,5,5,
GAME,,,,5,,,
GARI,,,,,6,,
GAS,6,3,3,3,,3,
GASS,,,,12,,,
GATA,,,,,5,,
GCB,,,,,5,,
GEAR,,,,,6,6,
GEL,,,,,5,,
GEMS,,,,,5,,
GENOME,,,,,5,,
GEOD,,,,,4,,
GFAL,,,,,6,,
GFI,,,,,4,,
GGB,,,,6,,,
GGX,,,,,5,,
GHIBLI,,,,6,7,,
GHST,7,4,,3,4,4,
GHUB,,,,6,5,,
GHX,,,,,5,,
GIGA,,5,5,5,5,,
GIGGLES,,,,6,,,
GIKO,,,,4,,,
GINI,,,,,5,,
GIV,,,,6,,,
GIZA,,,,,5,,
GLM,7,4,5,,,3,
GLMR,7,,5,4,5,,
GLQ,,,,,6,,
GMCOIN,,,,6,,,
GME,,2,,7,7,,
GMEE,,,,,6,,
GMEON,,,,,2,,
GMFI,,,,6,,,
GMMT,,,,,6,,
GMT,5,5,5,,,5,
GMTO,,,,7,,,
GMX,6,2,3,2,2,2,
GNO,,2,2,,2,,
GNON,,,,7,,,
GNS,,,,,3,,
GNT,,,,,,4,
GO,,,,5,,,
GOAT,7,5,5,,5,5,
GOCHU,,,,,10,,
GODS,,4,4,,5,5,
GOGLZ,,,,4,4,,
GOHOME,,,,,2,,
GOMINING,,,,4,4,,
GOOGLON,,,,,2,,
GOOGLX,,,,,2,,
GOR,,,,6,6,,
GORILLA,,,,6,,,
GORK,,5,6,6,6,,
GP,,,,4,4,,
GPS,7,5,5,5,6,,
GPTON,,,,,5,,
GPU,,,,,4,,
GRAIL,,,,,2,,
GRAM,,,,,5,,
GRASS,7,4,4,4,4,,
GRIFFAIN,7,5,5,5,5,,
GRIFT,,,,6,,,
GRND,,,,5,,,
GROK,,,,6,7,,
GRT,5,5,5,4,5,5,
GST,,,,,6,,
GSWIFT,,,,,6,,
GSYS,,,,5,5,,
GT,,,,3,,,
GTAI,,,,,5,,
GTC,3,4,4,3,4,,
GUI,,,,,9,,
GUN,7,5,5,5,5,,
GURU,,,,,6,,
GVL,,,,,7,,
GXT,,,,,7,,
H,7,5,6,,5,,
HAEDAL,7,5,5,4,5,,
HAI,,,,,6,,
HALO,,,,8,,,
HAM,,,,,13,,
HAMMY,,,,6,,,
HANA,7,5,,,5,,
HAPPY,,,,6,7,,
HARAMBEAI,,,,,5,,
HASHAI,,,,,7,,
HB,,,,4,,,
HBAR,5,5,5,5,5,5,
HDN,,,,,5,,
HEART,,,,,6,,
HEGE,,,,6,6,,
HEI,6,4,4,4,4,,
HELLO,,,,,6,,
HEMI,7,6,5,4,5,,
HEWE,,,,7,,,
HFT,7,5,5,4,5,,
HGEN,,,,5,,,
HGG,,,,,6,,
HGPT,,,,,6,,
HIFI,7,,5,4,5,,
HIGH,6,,4,3,4,,
HILO,,,,,5,,
HIMSON,,,,,2,,
HINT,,,,,6,,
HIP,,,,8,,,
HIPPO,7,6,6,6,6,,
HIT,,,,6,,,
HIVE,7,4,4,,4,,
HMC,,,,,,3,
HMND,,,,,5,,
HMSTR,7,7,7,6,7,7,
HNT,4,3,3,,3,,
HOLO,7,4,4,,4,,
HOME,7,5,5,6,5,,
HONEY,,,,5,5,,
HOOD,,2,,8,,,
HOODON,,,,,2,,
HOODX,,,,,2,,
HOOK,6,5,4,4,5,,
HOPPY,,,,10,9,,
HOPR,,,,,5,,
HOSICO,,,,6,6,,
HOSKY,,,,,12,,
HOT,6,6,7,6,7,,
HOUSE,,,,6,6,,
HP,,,,,5,,
HSK,,,,4,4,,
HTR,,,,,5,,
HTX,,,,,9,,
HUMA,7,5,5,5,5,5,
HUND,,,,,6,,
HVH,,,,6,,,
HVLO,,,,,7,,
HYDRA,,,,,4,,
HYP,,,,5,,,
HYPE,5,3,3,2,2,,
HYPER,7,4,4,,5,,
IAUON,,,,,2,,
ICBX,,,,7,,,
ICE,,,,6,,6,
ICECREAM,,,,,5,,
ICG,,,,6,,,
ICNT,7,4,4,,5,,
ICP,6,3,3,3,3,3,
ICX,4,5,5,,,5,
ID,7,4,4,4,4,4,
IDEX,7,,5,,5,,
IDOL,7,5,,,5,,
IFAI,,,,7,,,
IGT,,,,7,,,
IKA,,6,,5,5,,
ILV,5,3,2,2,3,3,
IMGN,,,,,6,,
IMO,,,,,3,,
IMPT,,,,6,,,
IMT,,,,,6,,
IMX,4,4,4,3,4,4,
IN,7,5,5,5,5,,
INCO,,,,6,,,
INDEX,,,,,3,,
INDY,,,,,4,,
INIT,7,4,4,4,4,,
INJ,6,3,3,2,2,3,
INSP,,,,,5,,
INTCON,,,,,2,,
INTER,,,,,4,,
INTL,,,,4,,,
INV,,,,,2,,
IO,7,4,4,3,3,,
IOST,6,6,6,6,6,6,
IOTA,4,4,4,4,4,4,
IOTX,5,5,5,5,5,,
IP,6,4,4,3,3,3,
IQ,,,,,6,,
IRON,,,,,4,,
ISIKC,,,,4,,,
ISLAND,,,,,6,,
ISLM,,,,5,,,
ISP,,,,,7,,
ITHACA,,,,,6,,
IVPAY,,,,,6,,
IXS,,,,,4,,
IXT,,,,,5,,
J,,4,5,5,,4,
JAE,,,,6,,,
JAGER,,,,,13,,
JAILSTOOL,,,,6,,,
JAM,,,,,7,,
JASMY,6,6,6,5,6,,
JDON,,,,,2,,
JEETS,,,,,7,,
JELLYJELLY,7,,6,6,6,,
JETTON,,,,,5,,
JIN,,,,5,,,
JITOSOL,,,,2,,2,
JLP,,,,,7,,
JOBLESS,,,,6,,,
JOC,,,,,4,,
JOE,7,4,4,4,4,4,
JOJO,,,,5,5,,
JOS,,,,7,,,
JST,7,5,5,5,5,,
JTO,6,4,3,3,3,3,
JUP,7,4,4,4,4,4,
JUSTICE,,,,,8,,
JYAI,,,,8,9,,
K,,4,5,4,5,,
KAIA,7,4,4,4,5,4,
KAITO,6,4,4,4,4,4,
KAKI,,,,10,,,
KALIS,,,,,5,,
KANG,,,,,7,,
KANGO,,,,,8,,
KAON,,,,,8,,
KAR,,,,,5,,
KARRAT,,,,,4,,
KAS,7,5,5,5,6,,
KASPY,,,,,8,,
KASTA,,,,,6,,
KATA,,,,,8,,
KAVA,4,4,4,4,4,,
KCS,,,,,4,,
KDA,7,4,4,,4,4,
KDX,,,,,5,,
KEEP,4,,,,,,
KEKIUS,,,,6,6,,
KERNEL,7,4,4,4,5,,
KET,,,,4,,,
KEY,7,,,,,,
KEYCAT,,,,6,6,,
KFI,,,,,4,,
KIBSHI,,,,,9,,
KILO,,,,5,5,,
KILT,,,,,5,,
KIMA,,,,,5,,
KINIC,,,,,4,,
KISHU,,,,,14,,
KITEAI,,,,,10,,
KLAY,4,,,4,,,
KLEVA,,,,,4,,
KLK,,,,,4,,
KLS,,,,,7,,
KLV,,,,,6,,
KM,,,,7,,,
KMD,,,,,5,,
KMNO,7,5,5,,5,5,
KNC,5,4,4,,4,4,
KNCH,,,,4,,,
KNINE,,,,,9,,
KOII,,,,,7,,
KOIN,,,,,5,,
KOLZ,,,,,8,,
KOMA,7,5,,5,5,,
KONG,,,,,5,,
KORI,,,,6,6,,
KP3R,,,,,3,,
KPOP,,,,7,7,,
KREST,,,,,5,,
KRL,,,,,4,,
KSM,3,2,2,2,2,2,
KTA,,,,4,4,,
KULA,,,,,5,,
KZEN,,,,,7,,
L1,,,,,6,,
L1X,,,,4,,,
L3,,,5,,5,,
LA,6,4,4,4,5,,
LABUBU,,,,6,6,,
LADYS,,,,11,11,,
LAI,,,,,7,,
LAK3,,,,,4,,
LARRY,,,,3,,,
LAT,,,,,6,6,
LAUNCHCOIN,,5,5,6,6,,
LAVA,,,,,5,,
LAY,,,,,5,,
LAYER,6,4,,4,4,4,
LAZIO,,,,3,4,,
LB,,,,10,9,,
LBAI,,,,,8,,
LBM,,,,,5,,
LBTC,,,,,2,,
LC,,,,6,,,
LCG,,,,,7,,
LDO,6,4,4,3,4,4,
LEARN,,,,,5,,
LEE,,,,,3,,
LEMX,,,,4,,,
LEND,4,,,,,,
LEO,,,,3,,2,
LEOX,,,,,4,,
LESTER,,,,6,,,
LETSBONK,,,,5,5,,
LEVER,7,,,,8,,
LF,,,,6,,,
LFIT,,,,5,,,
LFT,,,,6,6,,
LGCT,,,,,4,,
LIBERTY,,,,5,,,
LIF3,,,,,6,,
LIGHT,7,4,4,5,4,7,
LIKE,,,,,6,,
LIME,,,,,5,,
LIMO,,,,6,,,
LINA,6,,,,,,
LINEA,7,5,5,5,5,5,
LINGO,,,,,5,,
LINK,3,3,3,2,2,3,
LION,,,,5,,,
LISTA,7,4,4,4,5,,
LIT,3,,,,,,
LIVE,,,,,6,,
LKI,,,,,7,,
LKY,,,,,3,,
LL,,,,,6,,
LLD,,,,,3,,
LLM,,,,7,,,
LLYON,,,,,2,,
LM,,,,6,,,
LMWR,,,,,5,,
LNDX,,,,,4,,
LNQ,,,,,5,,
LOBO,,,,,7,,
LOCK,,,,,4,,
LOCKIN,,,,5,,,
LOFI,,,,,5,,
LOGX,,,,,6,,
LOKA,7,,,,,,
LOOK,,,,,5,,
LOOKS,,5,5,,6,5,
LOOM,7,,,,,,
LOOP,,,,,5,,
LPT,3,3,3,3,3,3,
LQR,,,,,5,,
LQTY,6,4,4,3,4,4,
LRC,5,5,5,4,5,5,
LRDS,,,,,4,,
LSD,,,,,5,,
LSETH,,,,2,,,
LSK,6,4,4,,,4,
LTC,2,2,2,2,2,2,
LTT,,,,,7,,
LUCE,,,,6,6,,
LUCI,,,,,6,,
LUCK,,,,,4,,
LUIGI,,,,6,,,
LUM,,,,,4,,
LUMI,,,,,6,,
LUMIA,7,4,4,3,4,,
LUNA,4,4,,4,4,4,
LUNARBITS,,,,,4,,
LUNC,,8,,8,8,,
LVLY,,,,,5,,
LVVA,,,,,6,,
LYNX,,,,,5,,
LYP,,,,,4,,
LYX,,,,,3,,
LZM,,,,4,,,
M,7,5,4,,5,,
M87,,,,8,8,,
MAD,,,,8,8,,
MAGATRUMP,,,,,5,,
MAGIC,6,4,4,4,5,5,
MAIV,,,,,7,,
MAJOR,,4,4,4,5,4,
MAMO,,,,5,5,,
MAN,,,,,5,,
MANA,4,4,4,4,4,4,
MANEKI,,,,7,7,,
MANTA,7,4,4,3,4,,
MANYU,,,,12,12,,
MAON,,,,,2,,
MAPO,,,,,6,,
MARIE,,,,6,,,
MARS4,,,,,8,,
MARSH,,,,,6,,
MARSMI,,,,4,,,
MAS,,,,,5,,
MASA,,,5,,5,,
MASK,4,3,3,3,4,3,
MAT,,,,4,4,,
MATES,,,,7,,,
MATH,,,,,5,,
MAV,7,5,5,5,5,,
MAVIA,7,,4,,5,,
MAY,,,,,5,,
MBC,,,,7,,,
MBD,,,,,8,,
MBG,,,,4,4,,
MBL,7,,,,6,,
MBOX,7,5,5,4,5,,
MBP,,,,,5,,
MCDON,,,,,2,,
MCDULL,,,,,9,,
MCDX,,,,,2,,
MCH,,,,,6,,
MCN,,,,4,4,,
MCOIN,,,,5,,,
MCRT,,,,,7,,
MCTP,,,,5,,,
MDAO,,,,,5,,
MDT,7,5,,,,,
ME,7,4,4,3,4,4,
MEE,,,,,6,,
MEGALAND,,,,,7,,
MELANIA,6,4,4,4,4,,
MEME,7,6,6,,6,6,
MEMECOIN,,,,6,7,,
MEMEFI,7,,,7,7,7,
MEMESAI,,,,,7,,
MENGO,,,,,5,5,
MERL,7,4,5,4,5,5,
MET,7,,4,6,,,
META,,2,,4,,,
METAL,,,,,5,,
METANIA,,,,,5,,
METAON,,,,,2,,
METAQ,,,,5,,,
METAV,,,,6,,,
METAX,,,,,2,,
METIS,4,2,2,,2,2,
MEW,7,6,6,6,6,6,
MEX,,,,9,,,
MEY,,,,,5,,
MF,,,,4,,,
MFT,,,,,5,,
MG8,,,,,6,,
MGO,,,,6,5,,
MICHI,,,,,5,,
MICRO,,,,6,6,,
MIGGLES,,,,5,5,,
MILK,7,5,5,5,5,,
MILLI,,,,,9,,
MIN,,,,,5,,
MINA,7,4,4,4,4,4,
MIND,,,,7,,,
MINDFAK,,,,,6,,
MINI,,,,6,,,
MINIMA,,,,,5,,
MIRA,7,4,4,,4,,
MISSION,,,,,9,,
MITO,7,5,5,,5,,
MIU,,,,,11,,
MKR,2,,,,,,
ML,,,,,5,,
MLC,,,,,4,,
MLG,,,,6,,,
MLK,,,,,4,,
MLN,5,3,3,2,3,2,
MLT,,,,,5,,
MM,,,,6,,,
MMON,,,,,5,,
MMUI,,,,5,4,,
MNDE,,,,,4,,
MNEMO,,,,,9,,
MNSRY,,,,,5,,
MNT,,,4,4,4,,
MNTC,,,,,4,,
MOBILE,,,,,7,,
MOBY,,,,5,6,,
MOCA,7,5,5,,5,,
MOCHI,,,,,10,,
MODE,,,,,7,,
MOG,,,,,10,,
MOMO,,,,,6,,
MON,7,5,,5,,,
MOODENG,7,5,5,5,5,5,
MOOLAH,,,,6,,,
MOON,,,,7,,,
MOONPIG,,,,,7,,
MORE,,,,5,5,,
MORI,,,,5,5,,
MORPHO,7,4,4,4,4,4,
MOT,,,,,,4,
MOTHER,,,,,6,,
MOVE,7,4,4,4,4,5,
MOVR,6,3,3,3,3,,
MPC,,,,9,5,,
MPLX,,,,4,,,
MRSOON,,,,,8,,
MSFTON,,,,,2,,
MSM,,,,,6,,
MSTR,,2,,,,,
MSTRON,,,,,2,,
MSTRX,,,,2,,,
MTC,,,,6,5,,
MTHN,,,,4,,,
MTL,4,4,4,,,,
MTP,,,,,7,,
MTRG,,,,,5,,
MTT,,,,,2,,
MUBARAK,7,5,5,5,6,,
MUBI,,,,,6,,
MUMU,,,,,9,,
MUON,,,,,2,,
MVL,,,6,,,,
MVRK,,,,,4,,
MX,,,,,4,,
MXNA,,,,,6,,
MYRIA,,,,,7,,
MYRO,7,5,5,5,5,,
MYST,,,,,4,,
MYTH,,,,4,4,,
MYX,7,4,4,4,5,,
NAI,,,,,6,,
NAILONG,,,,6,,,
NAKA,,,,,4,,
NAORIS,7,5,5,,5,,
NAP,,,,9,,,
NATIX,,,,,6,,
NAVI,,,,,5,,
NAVX,,5,,,5,5,
NC,,,,5,5,5,
NCDT,,,,,4,,
NCN,,,,,7,,
NCT,,,,,6,,
NDC,,,,,5,,
NEAR,4,3,3,3,3,3,
NEET,,,,6,,,
NEI,,,,6,6,,
NEIRO,8,,,8,7,7,
NEO,3,3,3,2,3,3,
NEON,,,,,5,,
NEOX,,,,,6,,
NERO,,,,,6,,
NEUR,,,,6,,,
NEWM,,,,,7,,
NEWT,7,4,4,,4,,
NEXA,,,,,10,,
NEXM,,,,,6,,
NEXO,,,,3,4,,
NFE,,,,,6,,
NFLXON,,,,,2,,
NFP,7,5,5,4,5,,
NFT,,,,,10,10,
NIBI,,,,,6,,
NIGELLA,,,,,4,,
NIL,6,4,4,4,4,,
NILA,,,,5,,,
NIM,,,,,6,,
NIZA,,,,6,5,,
NKN,5,5,5,,5,,
NLINK,,,,,16,,
NLS,,,,,6,,
NMR,6,3,3,2,3,3,
NMT,,,,,3,,
NOBODY,,,,5,6,,
NODE,,,5,,5,6,
NODL,,,,,7,,
NOM,7,5,5,5,5,,
NOS,,,,,5,,
NOT,7,6,6,6,6,6,
NOW,,,,,5,,
NPC,,,,,6,,
NPCS,,,,,6,,
NRG,,,,5,,,
NRN,,,,,5,,
NS,,4,4,,5,,
NST,,,,,3,6,
NT,,,,,,5,
NTRN,6,5,5,4,5,,
NTX,,,,5,4,,
NU,4,,,,,,
NUB,,,,5,5,,
NULS,7,,,,,,
NUM,,,,,5,,
NURA,,,,7,,,
NVDA,,1,,,,,
NVDAON,,,,,2,,
NVDAX,,,,2,2,,
NWS,,,,,6,,
NXPC,7,4,4,4,4,,
NXRA,,,,,5,,
NYM,,,,,5,,
OAS,,,,,6,5,
OBICOIN,,,,,5,,
OBOL,7,4,4,4,5,,
OBT,,5,6,,6,,
OCEAN,5,,,,,,
OCT,,,,,5,,
OCTA,,,,,4,,
ODOS,,,,,6,,
OFN,,,,,5,,
OFT,,,,,4,,
OG,6,4,4,,3,,
OGN,4,5,5,,5,,
OGPU,,,,,4,,
OGY,,,,6,6,,
OHO,,,,,6,,
OIK,,,,,5,,
OKB,,,2,2,3,2,
OKI,,,,4,,,
OL,7,5,5,5,5,5,
OLAS,,,,,4,,
OM,7,5,4,4,5,4,
OMAX,,,,7,7,,
OMFG,,,,4,,,
OMG,4,,,,5,,
OMI,,,,,7,7,
OMNI,4,,,,,,
OMNOM,,,,,13,,
ONDO,7,4,4,4,5,4,
ONE,5,5,5,,6,6,
ONG,7,4,4,,4,,
ONI,,,,,5,,
ONT,4,4,4,,5,4,
OOE,,,,,6,,
OORT,,,,,4,,
OP,7,4,4,3,4,4,
OPEN,7,4,4,4,5,,
OPENX,,,,4,4,,
OPT,,,,,,4,
OPUL,,,,,5,,
OPUS,,,,6,,,
ORAI,,,,,3,,
ORBS,7,,5,,,5,
ORCA,7,3,3,3,3,,
ORCL,,2,,,,,
ORCLON,,,,,2,,
ORDER,7,4,4,4,4,,
ORDI,6,3,3,3,3,3,
ORFY,,,,,5,,
ORNJ,,,,,5,,
ORT,,,,,6,,
OS,,,,4,,,
OSAK,,,,,10,,
OSHI,,,,,6,,
OSMO,,,4,4,4,,
OTK,,,,,6,,
OVL,,,,,4,,
OVO,,,,4,,,
OVPP,,,,,5,,
OVR,,,,,4,,
OXT,7,5,5,,5,,
OZO,,,,,4,,
OZONE,,,,3,,,
PAAL,,,,,5,,
PACK,,,,,4,,
PAI,,,,,5,,
PAID,,,,,4,,
PAL,,,,6,,,
PALM,,,,,6,,
PANDA,,,,,6,,
PART,,,,,4,,
PARTI,7,4,4,4,5,4,
PAW,,,,,12,,
PAXG,4,2,2,2,2,,
PBTC,,,,,4,,
PBX,,,,,5,,
PDA,,,,,6,,
PDEX,,,,5,,,
PEAQ,,4,4,,5,,
PECH,,,,,11,,
PEEZY,,,,9,9,,
PEIPEI,,,,,11,,
PELL,,,,,6,,
PEN,,,,,6,,
PENDLE,7,4,4,3,3,3,
PENG,,,,,5,,
PENGU,7,6,6,6,6,6,
PEOPLE,5,5,5,5,5,5,
PEP,,,,,7,,
PEPE,,10,,8,8,9,
PEPECOIN,,,,,4,,
PEPEONTRON,,,,5,,,
PEPON,,,,,2,,
PEPU,,,,7,7,,
PERP,6,,4,4,4,4,
PERRY,,,,6,,,
PHA,7,5,5,4,5,5,
PHB,7,4,4,,4,,
PHI,,,,6,5,,
PHIL,,,,,6,,
PHL,,,,,5,,
PHNIX,,,,,9,,
PHY,,,,,6,,
PI,,4,,4,5,4,
PIB,,,,,7,,
PIG,,,,,11,,
PIKA,,,,,7,,
PIN,,,,4,4,,
PINS,,,,7,,,
PINU100X,,,,7,,,
PIPE,,,,,5,,
PIPPIN,7,5,5,6,6,,
PIT,,,,,13,,
PIVX,,,,,4,,
PIXEL,7,5,5,5,5,5,
PIXFI,,,,,7,,
PKR,,,,,7,,
PLAY,7,5,,,5,,
PLB,,,,,4,,
PLENA,,,,,6,,
PLN,,,,,5,,
PLTRON,,,,,2,,
PLUME,7,5,5,,5,,
PMT,,,,,5,,
PMX,,,,,6,,
PNG,,,,,5,,
PNIC,,,,,6,,
PNUT,7,5,4,4,4,4,
POKT,,,,,6,,
POL,7,4,4,4,4,4,
POLIS,,,,,5,,
POLS,,,,,5,,
POLYDOGE,,,,,13,,
POLYX,7,5,4,,4,,
POND,,,,5,6,,
PONKE,7,5,5,,5,,
POOH,,,,,12,,
POP,,,,,6,,
POPCAT,7,4,4,4,4,,
POPG,,,,5,,,
POR,,,,,4,4,
PORK,,,,,11,,
PORT3,7,5,,5,5,,
PORTAL,7,5,5,4,5,,
PORTALS,,5,,,,,
PORTO,,,,,4,,
POWR,7,4,4,,,,
PPC,,,,,4,,
PPT,,,,,5,,
PRAI,,,,5,5,,
PRCL,,4,5,5,5,5,
PRI,,,,4,,,
PRO,,,,,4,,
PROM,7,4,3,3,3,,
PROMPT,7,5,5,5,5,5,
PROPC,,,,,4,,
PROPS,,,,5,6,,
PROS,,,,,5,,
PROVE,6,4,4,4,4,,
PRTG,,,,,4,,
PRX,,,,,4,,
PSG,,,,,3,,
PSTAKE,,,,,6,5,
PTB,7,5,5,,5,,
PTC,,,,6,6,,
PTEK,,,,4,,,
PTH,,,,,5,,
PUBLIC,,5,,,5,,
PUFFER,7,4,4,4,4,,
PUMP,7,6,,6,6,6,
PUMPBTC,7,5,5,5,5,,
PUNDIAI,,,,,4,,
PUNDIX,7,4,4,,,,
PUP,,,,6,6,,
PUPPIES,,,,10,,,
PURR,,,,,4,,
PUSH,,,,,5,,
PUSS,,,,6,6,,
PVT,,,,,6,,
PWEASE,,,,6,,,
PX,,,,,4,,
PYR,,3,4,3,4,,
PYTH,7,4,4,4,4,5,
PYTHIA,,,,,6,,
PYUSD,,,,,,4,
Q,7,6,6,,6,,
QAI,,,,,2,,
QBX,,,,,6,,
QCOMON,,,,,2,,
QDX,,,,,5,,
QGOV,,,,,5,,
QI,,,,5,,,
QKC,,,,,6,,
QNT,6,2,2,2,2,,
QORPO,,,,,5,,
QQQON,,,,,2,,
QRL,,,,4,5,,
QTCC,,,,7,,,
QTLX,,,,,5,,
QTUM,3,3,3,3,3,3,
QUACK,,,,12,13,,
QUAI,,,,5,5,,
QUBIC,,,,9,10,,
QUICK,7,5,5,,5,,
RACA,,,,8,8,8,
RAD,6,4,4,3,4,,
RAI,,,,4,4,,
RAIIN,,,,,4,,
RAIN,,,,,7,,
RARE,7,5,5,4,5,,
RARI,,,,,4,,
RATO,,,,9,,,
RATS,,,,8,8,,
RAY,3,4,,3,3,4,
RBC,,,,,6,,
RBNT,,,,,6,,
RC,,,,,5,,
RCADE,,,,,7,,
RCX,,,,5,,,
RDAC,,,,,6,,
RDDTON,,,,,2,,
RDNT,7,5,5,5,5,5,
REACT,,,,,5,,
REAL,,,,4,5,,
RECON,,,,5,,,
RED,7,4,4,4,4,,
REDO,,,,,5,,
REDX,,,,6,6,,
REEF,6,,,,7,,
REGENT,,,,5,,,
REI,7,5,,,5,,
REM,,,,,6,,
REN,5,,,,6,,
RENDER,7,3,3,3,3,3,
RENQ,,,,6,6,,
RENTA,,,,,6,,
REQ,,,5,,,,
RESOLV,7,4,4,4,5,4,
RETARDIO,,,,5,,,
RETIK,,,,,7,,
REX,,,6,,7,,
REZ,7,5,5,5,6,,
RFC,,,6,6,6,,
RFL,,,,,5,,
RFR,,,,,,6,
RFRM,,,,,4,,
RHEA,,,5,,5,,
RICE,,,,,5,,
RIF,7,,5,4,5,,
RIO,,,,,4,4,
RION,,,,,4,,
RIS,,,,5,,,
RISE,,,,,6,,
RITE,,,,,6,,
RIZ,,,,,6,,
RIZE,,,,,5,,
RIZO,,,,,8,,
RIZZMAS,,,,9,,,
RJV,,,,,6,,
RLC,4,,4,,4,,
RLUSD,,,4,,,,
RMV,,,,,5,,
RNT,,,,,6,,
ROAM,,4,5,6,5,,
ROG,,,,,4,,
RON,,4,,,4,4,
ROOT,,,,,6,,
ROSE,5,5,5,,5,,
ROUTE,,,,,6,,
ROVR,,,,,5,,
RPL,7,3,3,2,3,3,
RS,,,,9,,,
RSC,,,,,4,,
RSR,6,6,6,6,6,6,
RSS3,,5,5,,5,5,
RTF,,,,,5,,
RUJI,,,,,4,,
RUNE,4,4,3,,3,,
RUSSELL,,,,6,,,
RVF,,,,,5,,
RVN,5,5,5,5,6,5,
RWA,,,,6,6,,
RWAINC,,,,,5,,
RX,,,,5,,,
RXD,,,,,6,,
RXS,,,,6,6,,
RYO,,,,4,3,,
RZR,,,,9,7,,
S,7,4,4,4,4,4,
SAFE,7,4,4,4,4,4,
SAGA,7,4,4,4,4,,
SAHARA,7,5,5,5,5,5,
SAI,,,,,5,,
SAITAMA,,,,5,,,
SAL,,,,,5,,
SAMO,,,,,6,,
SAN,,,,5,,,
SAND,5,5,4,4,4,4,
SANTOS,7,3,,3,3,,
SAPIEN,7,5,5,,5,,
SAROS,,,5,5,6,,
SATS,,,,,11,11,
SAUCE,,,,,5,,
SAVM,,,,,4,,
SBETON,,,,,2,,
SBR,,,,4,,,
SC,6,,6,6,6,,
SCA,,,5,4,4,,
SCF,,,,6,6,,
SCOTTY,,,,,7,,
SCPT,,,,,7,,
SCR,7,4,4,4,4,4,
SCRT,7,4,4,4,4,,
SD,,4,4,,4,3,
SDEX,,,,,6,,
SDM,,,,,6,,
SEAM,,,,,4,,
SEDA,,,,,5,,
SEED,,,,,6,,
SEI,7,5,4,4,4,,
SEIYAN,,,,,6,,
SEN,,,,2,5,,
SEND,,,4,6,4,,
SENSO,,,,,6,,
SERAPH,,5,5,5,5,,
SERO,,,,,,4,
SERSH,,,,,5,,
SERV,,,,,4,,
SEXY,,,,,5,,
SFI,,,,,4,,
SFP,4,4,4,4,4,,
SFUND,,,,,4,,
SGB,,,,,7,,
SGT,,,,,4,,
SHADOW,,,,2,3,,
SHARDS,,,,,6,,
SHELL,7,5,4,4,4,,
SHIB,,9,,8,8,9,
SHIBDOGE,,,,14,,,
SHIDO,,,,,7,,
SHIFU,,,,,8,,
SHIRO,,,,12,12,,
SHM,,,,5,5,,
SHOGGOTH,,,,6,,,
SHOPON,,,,,2,,
SHPING,,,,,6,,
SHX,,,,,6,,
SIDUS,,,,,6,,
SIGMA,,,,5,,,
SIGN,7,5,5,5,5,,
SIMON,,,,,7,,
SIN,,,,,6,,
SIREN,7,5,5,5,,,
SISC,,,,4,,,
SIX,,,,5,5,,
SKATE,7,5,5,5,5,,
SKI,,,,5,5,,
SKL,5,5,5,,5,5,
SKORAI,,,,,5,,
SKX,,,,5,5,,
SKY,7,5,5,,5,5,
SKYA,,,,,6,,
SKYAI,7,5,5,5,,,
SLAY,,,,5,5,,
SLC,,,,,8,,
SLERF,7,,,,,5,
SLF,,,,,5,,
SLIM,,,,,5,,
SLP,7,6,6,,6,6,
SLV,,2,,,,,
SMARS,,,,,12,,
SMART,,,,,6,,
SMT,,,,,4,,
SMURFCAT,,,,,8,,
SMX,,,,,6,,
SN,,,,,,5,
SNA,,,,5,,,
SNAI,,,,6,6,,
SNEK,,,,8,7,,
SNFT,,,,,5,,
SNOWON,,,,,2,,
SNPT,,,,,5,,
SNSY,,,,,6,,
SNT,7,5,5,,5,5,
SNX,3,4,4,3,4,4,
SOGNI,,,,,6,,
SOIL,,,,,4,,
SOL,4,3,2,2,2,2,
SOLAMA,,,,,5,,
SOLO,,,4,,5,,
SOLV,7,5,5,5,5,,
SOLVEX,,,,,4,,
SOLX,,,,,8,,
SOMI,7,4,4,4,4,,
SONIC,7,4,4,5,5,5,
SOON,7,4,4,4,4,,
SOPH,7,5,5,5,5,5,
SOSO,,,4,4,4,,
SOULS,,,,,6,,
SOVRN,,,,,6,,
SP,,,,,6,,
SPA,,,,,6,,
SPACE,,,,,4,,
SPARKLET,,,,,5,,
SPCM,,,,,7,,
SPEC,,,,,4,,
SPELL,7,7,7,7,7,,
SPK,7,5,5,6,5,5,
SPON,,,,5,5,,
SPOTON,,,,,2,,
SPURS,,,,,,4,
SPX,7,4,4,4,4,,
SPYON,,,,,2,,
SPYX,,,,4,2,,
SQD,7,5,5,,5,,
SQT,,,,,7,,
SRM,4,,,,6,,
SSE,,,,6,,,
SSV,6,3,3,2,3,3,
STABUL,,,,,4,,
STAR,,,,,5,,
STARL,,,,,10,,
STARTUP,,,,6,6,,
STAT,,,,5,5,,
STAU,,,,5,,,
STBL,7,5,5,4,5,,
STBU,,,,,5,,
STEEM,6,5,4,,4,,
STETH,,,,,2,2,
STG,7,4,4,4,4,,
STMX,5,,,,,,
STO,7,5,5,4,5,,
STONKS,,,,7,,,
STOOS,,,,4,4,,
STOP,,,,,5,,
STORJ,4,4,4,4,4,3,
STORM,,,,,5,,
STOS,,,,,5,,
STRAX,7,,,,,,
STREAM,,,,,5,,
STRIKE,,,,,5,,
STRK,7,4,4,4,4,4,
STRM,,,,,7,,
STUFF,,,,,4,,
STUPID,,,,6,,,
STX,7,4,4,,3,4,
SUGAR,,,,,6,,
SUI,6,4,4,4,4,4,
SUIP,,,,,5,,
SUKU,,,,,5,,
SUMMIT,,,,7,7,,
SUN,7,6,6,,6,,
SUNCAT,,,,,6,,
SUNDOG,,5,5,5,5,,
SUP,,5,,,5,,
SUPER,7,4,4,,,,
SUPRA,,,,,6,,
SUSHI,4,4,4,3,4,4,
SUT,,,,5,3,,
SVL,,,,,6,,
SVN,,,,,6,,
SVTS,,,,,5,,
SWAN,,,,6,6,,
SWARMS,7,5,5,5,5,,
SWCH,,,,4,4,,
SWEAT,,6,6,,6,6,
SWELL,7,6,6,,6,,
SWFTC,,,,,6,6,
SWGT,,,,4,4,,
SXCH,,,,,6,,
SXP,4,4,4,4,4,,
SXT,7,4,5,4,4,,
SYL,,,,,7,,
SYLO,,,,,7,,
SYM,,,,,,8,
SYN,7,4,4,4,5,,
SYND,,,,4,4,,
SYNT,,,,,5,,
SYRUP,7,4,5,4,5,,
SYS,7,5,5,5,5,,
T,7,5,5,5,5,5,
TA,7,5,5,,5,,
TAC,7,5,6,,6,,
TADA,,,,,6,,
TAG,7,7,,,,,
TAI,,5,5,,5,,
TAIKO,7,4,4,4,4,,
TAIX,,,,,7,,
TAKE,7,5,,,5,,
TAKER,,,,,6,,
TALE,,,,,6,,
TALENT,,,,,6,,
TANSSI,7,5,5,,5,,
TAO,2,2,2,1,2,,
TAP,,,,,3,,
TARA,,,,,7,,
TATSU,,,,,2,,
TBC,,,,4,3,,
TCAPY,,,,,7,,
TCOM,,,,,5,,
TEE,,,,4,,,
TEL,,,,,6,,
TERMINUS,,,,5,,,
TET,,,,,4,,
TEVA,,,,,6,,
TFT,,,,,,4,
TFUEL,,,,,5,,
THE,7,4,4,4,4,,
THETA,4,4,4,3,,4,
THINK,,,,,5,,
THL,,,,,4,,
TIA,7,4,3,3,4,3,
TIBBIR,,,,5,5,,
TICS,,,,,5,,
TIG,,,,4,,,
TITCOIN,,,,6,,,
TJRM,,,,6,6,,
TKO,,,,,4,,
TLM,7,6,6,5,6,,
TLOS,,,,,5,,
TLTON,,,,,2,,
TNSR,7,4,4,4,5,5,
TOKABU,,,,5,,,
TOKEN,7,,5,5,5,,
TOM,,,,,6,,
TOMI,,,,,9,,
TON,7,4,4,3,3,3,
TOP,,,,,7,,
TORN,,,,,3,,
TOSHI,7,7,,7,7,7,
TOWN,,,,,6,,
TOWNS,7,5,5,5,5,,
TPRO,,,,,6,,
TPT,,,,,6,,
TPTU,,,,,3,,
TRA,,,,,,4,
TRAC,,,,,4,,
TRADE,,,,,5,,
TRADOOR,7,3,,,4,,
TRAVA,,,,,7,,
TRAX,,,,8,,,
TRB,3,3,2,2,,2,
TRC,,,,,6,,
TREAT,,,,,7,,
TREE,7,4,5,4,4,,
TREMP,,,,5,,,
TRENCHER,,,,6,,,
TRIBE,,,,,4,,
TRIO,,,,,4,,
TRISIG,,,,,8,,
TROLL,,,,6,12,,
TROY,7,,,,,,
TRT,,,,,4,,
TRU,7,5,5,,5,,
TRUF,,,,,5,,
TRUMP,6,3,3,,3,3,
TRUU,,,,,7,,
TRVL,,,,,6,,
TRWA,,,,6,6,,
TRX,5,5,5,4,4,5,
TSLA,,2,,,,,
TSLAON,,,,2,2,,
TSLAX,,,,2,2,,
TSMON,,,,,2,,
TST,7,,,5,5,,
TSUKA,,,,,6,,
TT,,,,0,,,
TUNA,,,,,5,,
TUP,,,,,5,,
TURBO,7,6,,6,6,6,
TUSD,,,,,4,,
TUT,7,5,5,5,6,,
TWT,6,,4,4,4,,
TXC,,,,,3,,
U,,5,,,6,,
U2U,,,,,6,,
UB,7,5,6,6,5,,
UBERON,,,,,2,,
UBU,,,,,5,,
UBX,,,,,9,,
UBXS,,,,,5,,
UCN,,,,4,2,,
UCX,,,,5,,,
UDAO,,,,,4,,
UDS,,,,4,4,,
UFD,,,,,5,,
UGOLD,,,,0,,,
ULTI,,,,7,6,6,
ULTIMA,,,,2,2,,
UMA,6,4,3,3,4,3,
UMM,,,,4,,,
UNFI,3,,,,4,,
UNHON,,,,,2,,
UNI,4,3,3,3,3,3,
UNIBOT,,,,,3,,
UNIT0,,,,,4,,
UNITE,,,,6,7,,
UNP,,,,,5,,
UPC,,,,6,4,,
UPO,,,,,5,,
UPT,,,,,5,,
URANUS,,,,5,5,,
URO,,,,6,,,
USA,,,,10,,,
USD1,,,4,4,4,4,
USDC,7,4,4,4,4,4,
USDD,,,,3,4,,
USDE,,,4,,4,,
USDF,,,,,4,,
USDG,,,,,,4,
USDM,,,,,4,,
USDP,,,,,4,,
USDQ,,,,4,,,
USDR,,,,,3,,
USDUC,,,,6,5,,
USELESS,7,4,4,4,6,,
USR,,,,4,,,
USTC,7,5,5,5,6,,
USUAL,7,5,5,4,4,,
UT,,,,,6,,
UXLINK,7,,,,,5,
VADER,,,,,6,,
VAI,,,,,5,,
VANA,6,3,3,,3,,
VANRY,7,5,5,,5,,
VARA,,,,,6,,
VC,,,,,5,,
VEE,,,,,7,,
VELO,,6,6,6,6,6,
VELVET,7,5,5,5,5,,
VENOM,,,,,5,,
VERSE,,,,4,,,
VERT,,,,,7,,
VET,6,6,5,5,5,,
VGX,,,,,7,,
VIA,,,,,4,,
VIBE,,,,6,,,
VIC,7,4,4,,4,,
VIDT,7,,,,,,
VINE,7,5,5,5,5,5,
VINU,,,,,12,,
VIRTUAL,7,4,4,4,4,,
VIRUS,,,,5,,,
VISTA,,,,,3,,
VITA,,,,4,,,
VIX,,,,6,,,
VMINT,,,,,6,,
VNXAU,,,,4,,,
VOLT,,,,,10,,
VON,,,,8,2,,
VOW,,,,,4,,
VOXEL,7,5,5,4,5,,
VPR,,,,,7,,
VR,,,6,,6,,
VRA,,,,6,7,6,
VSC,,,,,6,,
VSG,,,,7,,,
VSN,,,,,4,,
VSYS,,,,,7,,
VT,,,,6,,,
VTHO,7,6,,,6,,
VVAIFU,,,,5,6,,
VVV,6,3,3,3,3,,
W,7,5,5,4,5,5,
WAGMI,,,,,6,,
WAGMIGAMES,,,,,8,,
WAI,,5,,,5,,
WAL,7,4,4,4,4,,
WAVES,4,3,4,,4,,
WAXP,7,5,5,5,5,5,
WBT,,,,,3,,
WBTC,,,,,2,,
WCO,,,,,7,,
WCT,7,4,4,4,4,4,
WDOG,,,,7,,,
WELF,,,,,4,,
WELSH,,,,,6,,
WEMIX,,,,,4,,
WEN,,,,8,8,,
WHITE,,,,,7,,
WHY,,,,11,,,
WIF,7,4,4,3,3,4,
WILD,,,,,4,,
WIN,,,,8,8,7,
WING,,,,6,5,,
WINR,,,,,5,,
WIZARD,,,,6,,,
WKC,,,,,11,,
WLD,7,4,4,,3,4,
WLFI,7,4,4,4,4,4,
WLTH,,,,,6,,
WMTX,,,,,4,,
WNCG,,,,,5,,
WNK,,,,,8,,
WNXM,,,,,2,,
WNZ,,,,,7,,
WOD,,,,,5,,
WOJAK,,,,7,8,,
WOLF,,,,,9,,
WOO,5,5,5,4,5,5,
WORTHLESS,,,,6,,,
WQUIL,,,,,4,,
WUF,,,,,10,,
WUSD,,,,,4,,
WWB,,,,5,,,
WX,,,,,5,,
WXT,,,,6,6,,
X,,8,,8,6,,
XAI,7,5,5,4,5,,
XAUT,,1,2,,2,1,
XAVA,,,,,4,,
XBT,,,,7,,,
XCAD,,,,,5,,
XCH,,,3,,3,3,
XCHNG,,,,,5,,
XCN,7,6,6,5,7,,
XCV,,,,,6,,
XCX,,5,,,5,,
XDAG,,,,,6,,
XDB,,,,,7,,
XDC,,4,5,,5,,
XDOG,,,,5,6,,
XEC,,,,8,8,,
XEL,,,,,3,,
XELS,,,,,6,,
XEM,4,,,,,,
XEN,,,,,11,,
XEP,,,,,7,,
XFI,,,,4,5,,
XGP,,,,10,,,
XIN,,,,,1,,
XION,,4,4,4,4,,
XLAB,,,,,9,,
XLM,5,5,5,4,4,5,
XMR,2,,2,,2,,
XNA,,,,,7,,
XNO,,,4,,,,
XNY,7,6,6,6,6,,
XO,,,,,6,,
XOXO,,,,,7,,
XP,,,,5,5,,
XPIN,7,7,7,,7,,
XPL,7,4,4,4,4,4,
XPM,,,,,5,,
XPR,,,,,7,,
XR,,,,5,5,,
XRD,,,,,6,,
XRP,4,4,4,4,4,4,
XRPC,,,,,7,,
XRPH,,,,5,5,,
XSPA,,,,7,,,
XSWAP,,,,,5,,
XT,,,,4,,,
XTER,,,5,4,4,,
XTM,,,,,6,,
XTZ,3,4,4,4,4,4,
XUSD,,,,,4,,
XVG,7,6,6,,6,,
XVS,6,3,3,2,4,,
XX,,,,,5,,
XYM,,,,,6,,
XYO,,,,,5,,
XYRO,,,,,7,,
YAK,,,,,,5,
YALA,7,4,4,,5,,
YAY,,,,,7,,
YBR,,,,,6,,
YFI,1,,0,,1,0,
YFII,1,,,,2,,
YGG,7,4,4,4,4,4,
YNE,,,,6,6,,
YURU,,,,4,4,,
YZY,,4,4,6,4,,
ZANO,,,,,3,,
ZBCN,,7,7,7,7,7,
ZBU,,,,,4,,
ZCHF,,,,,4,,
ZCX,,,,,5,,
ZEC,2,,2,,2,,
ZEN,3,3,3,,3,,
ZENT,,,6,,6,6,
ZEPH,,,,,4,,
ZEREBRO,7,5,5,5,5,,
ZERO,,,,,8,,
ZETA,6,4,4,4,4,4,
ZETRIX,,,,,3,,
ZEUS,,,4,4,4,4,
ZF,,,,,5,,
ZIG,,,,5,6,,
ZIL,5,5,5,5,5,5,
ZK,7,5,5,5,5,5,
ZKC,7,4,4,4,4,,
ZKJ,6,4,,,4,4,
ZKL,,,,5,5,,
ZKP,,,,,5,,
ZKWASM,,,,5,5,,
ZND,,,,,4,,
ZON,,,,,6,,
ZORA,7,5,6,6,6,,
ZRC,7,5,5,,5,,
ZRO,7,3,4,3,3,3,
ZRX,4,4,4,,4,4,
ZYPTO,,,,,5,,
